name,heightCM,weightKG,bustCM,waistCM,hipsCM,hair,breasts,ethnicity,born,month,year,mateAge,first,avgDist
Marilyn Monroe,165,54,91,61,86,0,0,0,-1375459200000,11,1953,27,"First and only ""Sweetheart of the Month"".",0.278
Margie Harrison,164,45,91,66,94,1,0,0,-1204300800000,0,1954,22,First ever Playmate.,0.375
Marilyn Waltz,163,51,91,58,86,0,0,0,-1204128000000,1,1954,22,First to be chosen three times.,0.179
Dolores Del Monte,168,54,86,61,89,2,0,0,-1192809600000,2,1954,21,,0.119
Marilyn Waltz,163,51,91,58,86,0,0,0,-1204128000000,3,1954,22,First to be chosen three times.,0.179
Joanne Arnold,165,54,91,58,97,2,0,0,-1222963200000,4,1954,23,,0.225
Margie Harrison,164,45,91,66,94,1,0,0,-1204300800000,5,1954,22,First ever Playmate.,0.375
Neva Gilbert,168,59,91,66,94,0,0,0,-1272816000000,6,1954,24,,0.236
Arline Hunter,164,52,97,61,89,3,0,0,-1200585600000,7,1954,22,,0.497
Jackie Rainbow,165,45,86,61,94,2,0,0,-1154102400000,8,1954,21,,0.220
Madeline Castle,164,48,89,58,89,2,0,0,-1138723200000,9,1954,20,,0.190
Diane Hunter,166,57,86,61,89,2,0,0,-1024588800000,10,1954,17,,0.310
Terry Ryan,166,55,91,61,91,0,0,0,-1138723200000,11,1954,21,,0.140
Bettie Page,166,58,91,58,94,1,0,0,-1473609600000,0,1955,31,,0.563
Jayne Mansfield,168,48,102,53,81,0,0,0,-1158249600000,1,1955,21,,0.508
Marilyn Waltz,163,51,91,58,86,0,0,0,-1204128000000,3,1955,23,First to be chosen three times.,0.181
Marguerite Empey,160,48,99,58,94,2,0,0,-1181059200000,4,1955,22,,0.434
Eve Meyer,168,49,99,64,89,0,0,0,-1295452800000,5,1955,26,,0.408
Janet Pilgrim,168,52,91,61,91,0,0,0,-1121961600000,6,1955,21,First centerfold (two-page).,0.120
Pat Lawler,165,50,97,56,91,1,0,0,-1262534400000,7,1955,25,,0.440
Anne Fleming,162,47,94,58,91,1,0,0,-1238428800000,8,1955,24,,0.394
Jean Moorehead,165,50,89,58,89,0,0,0,-1101571200000,9,1955,20,,0.165
Barbara Cameron,167,46,84,53,84,2,0,0,-1255449600000,10,1955,25,,0.303
Janet Pilgrim,168,52,91,61,91,0,0,0,-1121961600000,11,1955,21,First centerfold (two-page).,0.120
Lynn Turner,164,53,97,61,94,2,0,0,-1075651200000,0,1956,20,,0.345
Marguerite Empey,160,48,99,58,94,2,0,0,-1181059200000,1,1956,23,,0.435
Marian Stafford,160,45,86,53,86,0,0,0,-1227542400000,2,1956,25,First fold-out centerfold (three-page).,0.347
Rusty Fisher,166,54,91,56,89,2,0,0,-1096387200000,3,1956,20,,0.187
Marion Scott,168,55,91,58,89,0,0,0,-1087401600000,4,1956,20,First foreign born Playmate.,0.159
Gloria Walker,163,49,91,53,81,2,0,0,-1024416000000,5,1956,18,,0.364
Alice Denham,157,48,91,61,86,3,0,0,-1355241600000,6,1956,29,,0.619
Jonnie Nicely,170,55,94,61,91,0,0,0,-1068220800000,7,1956,20,,0.230
Elsa Sorensen,168,52,97,61,89,0,0,0,-1128873600000,8,1956,22,,0.279
Janet Pilgrim,168,52,91,61,91,0,0,0,-1121961600000,9,1956,22,First centerfold (two-page).,0.099
Betty Blue,160,58,99,56,91,2,0,0,-1211299200000,10,1956,25,,0.454
Lisa Winters,157,48,89,58,89,0,0,0,-1061049600000,11,1956,20,,0.335
June Blair,165,54,91,64,91,2,0,0,-1142352000000,0,1957,23,,0.162
Sally Todd,166,50,89,58,89,0,0,0,-1122480000000,1,1957,22,,0.093
Sandra Edwards,170,54,91,51,91,2,0,0,-1003766400000,2,1957,18,,0.330
Gloria Windsor,167,54,89,64,89,0,0,0,-1056556800000,3,1957,20,,0.158
Dawn Richard,165,53,91,58,91,2,0,0,-1067443200000,4,1957,21,,0.156
Carrie Radison,165,54,89,56,89,2,0,0,-983548800000,5,1957,18,,0.265
Jean Jani,160,54,97,58,86,2,0,0,-1204560000000,6,1957,25,,0.388
Dolores Donlon,170,57,91,58,84,0,0,0,-1365955200000,7,1957,30,,0.432
Jacquelyn Prescott,166,53,99,58,94,2,0,0,-1049385600000,8,1957,20,,0.392
Colleen Farrington,173,56,97,64,89,2,0,0,-1053619200000,9,1957,21,,0.327
Marlene Callahan,157,44,86,56,84,0,0,0,-1021046400000,10,1957,20,,0.384
Linda Vargas,165,50,89,53,89,1,0,0,-968860800000,11,1957,18,,0.406
Elizabeth Ann Roberts,167,45,86,56,86,2,0,0,-896544000000,0,1958,16,Youngest Playmate ever featured.,0.382
Cheryl Kubert,165,52,91,66,94,2,0,0,-1003852800000,1,1958,19,,0.277
Zahra Norbo,170,52,97,61,89,2,0,0,-1132848000000,2,1958,24,,0.295
Felicia Atkins,173,59,102,66,94,1,0,0,-1033228800000,3,1958,20,,0.586
Lari Laine,175,56,97,53,86,0,0,0,-1032537600000,4,1958,21,,0.381
Judy Lee Tomerlin,165,54,102,51,91,2,0,0,-934646400000,5,1958,18,,0.553
Linné Ahlstrand,157,50,86,58,89,0,0,0,-1057248000000,6,1958,22,,0.320
Myrna Weber,166,52,94,61,91,3,0,0,-1000396800000,7,1958,20,,0.458
Teri Hope,157,45,99,48,84,0,0,0,-974390400000,8,1958,19,,0.584
Pat Sheehan,165,54,89,61,89,2,0,0,-1262102400000,9,1958,28,"First to share the Playmate title in the same month, with Mara Corday.",0.313
Mara Corday,165,54,89,61,89,2,0,0,-1262102400000,9,1958,28,"First to share the Playmate title in the same month, with Pat Sheehan.",0.313
Joan Staley,165,54,86,58,86,0,0,0,-939916800000,10,1958,18,,0.271
Joyce Nizzari,168,54,86,61,86,1,0,0,-934646400000,11,1958,18,,0.372
Virginia Gordon,168,54,94,56,91,2,0,0,-1046966400000,0,1959,22,,0.212
Eleanor Bradley,174,61,102,56,94,2,0,0,-979920000000,1,1959,20,,0.524
Audrey Daston,163,51,91,61,91,0,0,0,-1063036800000,2,1959,22,,0.174
Nancy Crawford,165,57,91,61,91,2,0,0,-906048000000,3,1959,17,,0.317
Cindy Fuller,168,56,91,61,91,2,0,0,-998409600000,4,1959,20,,0.165
Marilyn Hanold,173,58,102,66,97,2,0,0,-996076800000,5,1959,20,,0.533
Yvette Vickers,160,48,91,61,91,0,0,0,-1304870400000,6,1959,30,,0.475
Clayre Peters,167,56,86,64,89,2,0,0,-1239897600000,7,1959,28,,0.331
Marianne Gaba,168,50,86,61,86,2,0,0,-950976000000,8,1959,19,,0.208
Elaine Reynolds,173,59,99,64,94,2,0,0,-956764800000,9,1959,20,,0.424
Donna Lynn,161,52,91,56,91,0,0,0,-1050163200000,10,1959,23,,0.240
Ellen Stratton,163,50,89,51,89,0,0,0,-964540800000,11,1959,20,First to become Playmate of the Year.,0.288
Stella Stevens,165,54,94,56,91,2,0,0,-986227200000,0,1960,21,,0.239
Susie Scott,170,59,94,58,91,2,0,0,-989683200000,1,1960,21,,0.232
Sally Sarell,173,57,94,61,91,0,0,0,-992102400000,2,1960,21,,0.243
Linda Gamble,163,51,97,58,94,0,0,0,-956419200000,3,1960,20,,0.359
Ginger Young,165,57,91,58,91,2,0,0,-972316800000,4,1960,21,,0.171
Delores Wells,157,49,91,51,91,2,0,0,-1016380800000,5,1960,22,,0.384
Teddi Smith,165,50,94,56,89,0,0,0,-860864400000,6,1960,17,,0.359
Elaine Paul,163,54,86,58,89,2,0,0,-990633600000,7,1960,21,,0.190
Ann Davis,157,48,97,51,89,2,0,0,-995385600000,8,1960,22,,0.466
Kathy Douglas,165,52,86,53,86,2,0,0,-871318800000,9,1960,18,,0.314
Joni Mattis,157,39,84,46,81,2,0,0,-981216000000,10,1960,21,,0.543
Carol Eden,168,54,94,58,89,0,0,0,-871664400000,11,1960,18,First mother and daughter (separately) to become Playmates. Daughter: Simone Eden,0.294
Connie Cooper,165,50,94,53,91,2,0,0,-892483200000,0,1961,19,,0.320
Barbara Ann Lawford,170,54,91,61,91,1,0,0,-859482000000,1,1961,18,,0.373
Tonya Crews,163,53,97,56,91,2,0,0,-1007049600000,2,1961,23,,0.333
Nancy Nielsen,170,57,91,61,91,2,0,0,-916675200000,3,1961,20,,0.176
Susan Kelly,160,49,91,56,89,0,0,0,-1005926400000,4,1961,23,,0.262
Heidi Becker,163,48,91,56,86,1,0,0,-922204800000,5,1961,20,,0.365
Sheralee Conners,175,57,89,58,89,2,0,0,-885312000000,6,1961,19,,0.262
Karen Thompson,163,51,81,66,86,2,0,0,-957024000000,7,1961,21,,0.334
Christa Speck,165,55,97,56,91,2,0,0,-865270800000,8,1961,19,,0.360
Jean Cannon,163,54,97,61,94,2,0,0,-891187200000,9,1961,19,,0.377
Dianne Danford,170,54,91,56,89,2,0,0,-990806400000,10,1961,23,,0.139
Lynn Karrol,169,52,89,56,89,0,0,0,-960048000000,11,1961,22,,0.102
Merle Pertile,165,51,97,56,86,3,0,0,-886953600000,0,1962,20,,0.518
Kari Knudsen,163,53,91,58,89,2,0,0,-976896000000,1,1962,23,,0.173
Pamela Anne Gordon,155,47,99,58,89,0,0,0,-848595600000,2,1962,19,,0.532
Roberta Lane,157,46,86,53,86,2,0,0,-845830800000,3,1962,19,,0.411
Marya Carter,174,57,94,58,91,2,0,0,-872269200000,4,1962,19,,0.307
Merissa Mathes,163,53,91,56,91,2,0,0,-845312400000,5,1962,19,,0.263
Unne Terjesen,170,59,99,58,99,0,0,0,-845312400000,6,1962,19,,0.461
Jan Roberts,165,54,99,58,89,0,0,0,-961948800000,7,1962,23,,0.361
Mickey Winters,152,45,91,46,86,0,0,0,-923155200000,8,1962,21,,0.567
Laura Young,168,57,91,64,91,2,0,0,-997632000000,9,1962,24,,0.171
Avis Kimble,165,56,99,56,91,2,0,0,-795373200000,10,1962,18,,0.440
June Cochran,157,46,91,51,86,0,0,0,-879267600000,11,1962,20,,0.411
Judi Monterey,155,45,86,56,84,2,0,0,-819565200000,0,1963,18,,0.464
Toni Ann Thomas,165,54,97,56,91,2,0,0,-811443600000,1,1963,18,,0.387
Adrienne Moreau,170,57,97,56,91,0,0,0,-899136000000,2,1963,21,,0.317
Sandra Settani,174,62,94,61,91,1,0,0,-1005667200000,3,1963,25,,0.416
Sharon Cintron,163,50,91,58,91,2,0,0,-787597200000,4,1963,18,,0.292
Connie Mason,168,52,86,58,86,0,0,0,-1031587200000,5,1963,26,,0.225
Carrie Enwright,165,56,99,61,91,2,0,0,-831661200000,6,1963,19,,0.404
Phyllis Sherwood,155,52,86,56,89,0,0,0,-1017849600000,7,1963,25,,0.402
Victoria Valentino,160,50,89,56,89,2,0,0,-853693200000,8,1963,20,,0.274
Christine Williams,183,68,94,66,94,0,0,0,-788374800000,9,1963,18,,0.566
Terre Tucker,168,54,91,53,89,1,0,0,-796150800000,10,1963,19,,0.375
Donna Michelle,163,54,97,56,94,2,0,0,-759427200000,11,1963,17,,0.446
Sharon Rogers,157,49,89,56,89,2,0,0,-855766800000,0,1964,21,,0.328
Nancy Jo Hooper,168,48,91,53,91,2,0,0,-835030800000,1,1964,20,,0.239
Nancy Scott,168,54,86,64,86,2,0,0,-891446400000,2,1964,22,,0.139
Ashlyn Martin,165,54,94,61,91,2,0,0,-750614400000,3,1964,18,,0.308
Terri Kimball,165,53,91,58,91,2,0,0,-796496400000,4,1964,19,,0.224
Lori Winston,159,50,86,58,86,2,0,0,-800125200000,5,1964,19,,0.326
Melba Ogle,157,50,89,56,89,3,0,0,-856285200000,6,1964,21,,0.512
China Lee,164,51,89,56,89,1,0,2,-862506000000,7,1964,21,First Asian-American Playmate.,0.918
Astrid Schulz,170,54,91,58,91,2,0,0,-956332800000,8,1964,24,,0.147
Rosemarie Hillcrest,168,66,104,64,97,0,0,0,-851706000000,9,1964,21,,0.590
Kai Brendlinger,160,53,89,58,89,1,0,0,-830451600000,10,1964,21,,0.363
Jo Collins,163,51,91,61,91,2,0,0,-770230800000,11,1964,19,,0.246
Sally Duberson,165,50,94,61,94,2,0,0,-858099600000,0,1965,22,,0.235
Jessica St. George,165,52,91,58,91,1,0,0,-732729600000,1,1965,18,,0.383
Jennifer Jackson,173,59,91,58,91,1,0,1,-785782800000,2,1965,20,First African-American Playmate.,0.953
Sue Williams,150,44,86,51,86,0,1,0,-761500800000,3,1965,19,,0.904
Maria McBane,160,48,91,56,91,2,0,0,-754070400000,4,1965,19,,0.320
Hedy Scott,165,54,86,56,89,2,0,0,-755366400000,5,1965,19,,0.239
Gay Collier,165,54,91,58,89,2,0,0,-859309200000,6,1965,22,,0.132
Lannie Balcom,168,52,86,56,91,2,0,0,-908640000000,7,1965,24,,0.169
Patti Reynolds,165,51,86,46,86,1,0,0,-681498000000,8,1965,17,,0.531
Allison Parks,168,53,91,61,91,0,0,0,-826995600000,9,1965,21,,0.120
Pat Russo,170,54,89,56,89,2,0,0,-891187200000,10,1965,24,,0.141
Dinah Willis,173,54,94,58,91,0,0,0,-770230800000,11,1965,20,,0.259
Judy Tyler,160,45,91,56,86,2,0,0,-694972800000,0,1966,18,,0.363
Melinda Windsor,163,54,97,58,91,2,0,0,-805309200000,1,1966,21,,0.328
Priscilla Wright,157,48,86,48,89,0,0,0,-824144400000,2,1966,22,,0.428
Karla Conway,150,44,89,56,91,2,0,0,-741373200000,3,1966,19,,0.543
Dolly Read,164,54,94,61,94,1,0,0,-798397200000,4,1966,21,,0.374
Kelly Burke,155,45,86,56,84,2,0,0,-788979600000,5,1966,21,,0.410
Tish Howard,165,49,86,58,86,2,0,0,-741459600000,6,1966,19,,0.234
Susan Denberg,170,56,86,64,86,0,0,0,-802026000000,7,1966,21,,0.167
Dianne Chandler,170,59,94,61,94,2,0,0,-725904000000,8,1966,19,,0.296
Linda Moon,165,57,99,61,91,0,0,0,-671216400000,9,1966,18,,0.431
Lisa Baker,173,60,89,58,89,2,0,0,-813776400000,10,1966,22,,0.177
Susan Bernard,160,48,89,56,89,2,0,0,-690739200000,11,1966,18,,0.339
Surrey Marshe,157,45,89,56,86,0,0,0,-698688000000,0,1967,19,,0.382
Kim Farber,163,49,89,51,86,2,0,0,-727977600000,1,1967,20,,0.294
Fran Gerard,157,50,99,61,91,2,0,0,-686764800000,2,1967,18,,0.514
Gwen Wong,152,45,89,58,86,1,0,2,-864320400000,3,1967,24,,1.013
Anne Randall,163,49,89,58,89,0,0,0,-797533200000,4,1967,22,,0.162
Joey Gibson,168,58,99,64,91,0,0,0,-769712400000,5,1967,21,,0.375
Heather Ryan,168,53,94,51,89,0,0,0,-719251200000,6,1967,20,,0.304
DeDe Lind,157,44,86,53,84,0,0,0,-716832000000,7,1967,20,,0.408
Angela Dorian,165,49,91,53,89,2,0,0,-797274000000,8,1967,22,,0.213
Reagan Wilson,178,61,102,64,89,0,0,0,-720288000000,9,1967,20,,0.549
Kaya Christian,168,52,91,58,86,0,0,0,-733507200000,10,1967,21,,0.127
Lynn Winchell,152,45,86,58,86,2,0,0,-715194000000,11,1967,20,,0.477
Connie Kreski,165,54,89,58,91,0,0,0,-734806800000,0,1968,21,,0.138
Nancy Harwood,170,52,91,56,89,2,0,0,-663955200000,1,1968,19,,0.220
Michelle Hamilton,164,50,97,58,89,2,0,0,-663696000000,2,1968,19,,0.354
Gaye Rennie,168,54,89,61,89,0,0,0,-639939600000,3,1968,18,,0.231
Elizabeth Jordan,157,42,84,53,84,2,0,0,-788029200000,4,1968,23,,0.422
Britt Fredriksen,163,49,86,56,86,0,0,0,-765302400000,5,1968,22,,0.208
Melodye Prentiss,165,45,86,58,86,0,0,0,-790448400000,6,1968,23,,0.189
Gale Olson,163,50,91,56,89,2,0,0,-699984000000,7,1968,20,,0.229
Dru Hart,163,55,91,61,89,2,0,0,-665856000000,8,1968,19,,0.242
Majken Haugedal,165,49,86,56,86,0,0,0,-718560000000,9,1968,21,,0.189
Paige Young,165,54,91,61,91,2,0,0,-814035600000,10,1968,24,,0.160
Cynthia Myers,160,54,99,61,91,2,0,0,-609181200000,11,1968,18,,0.472
Leslie Bianchini,170,59,91,61,94,2,0,0,-722188800000,0,1969,21,,0.192
Lorrie Menconi,168,54,94,53,91,2,0,0,-689616000000,1,1969,20,,0.279
Kathy MacDonald,164,54,91,61,86,2,0,0,-727977600000,2,1969,22,,0.151
Lorna Hopper,163,48,89,58,86,2,0,0,-610218000000,3,1969,18,,0.286
Sally Sheffield,163,50,91,61,89,2,0,0,-898099200000,4,1969,27,,0.297
Helena Antonaccio,160,50,91,61,86,2,0,0,-655833600000,5,1969,20,,0.272
Nancy McNeil,157,48,91,61,86,2,0,0,-695923200000,6,1969,21,,0.329
Debbie Hooper,160,51,91,61,91,2,0,0,-692294400000,7,1969,21,,0.252
Shay Knuth,160,50,91,58,89,0,0,0,-776106000000,8,1969,24,,0.258
Jean Bell,163,53,86,58,91,1,0,1,-792262800000,9,1969,24,,0.948
Claudia Jennings,168,52,89,58,91,3,0,0,-632160000000,10,1969,19,,0.439
Gloria Root,157,48,86,58,86,2,0,0,-681498000000,11,1969,21,,0.335
Jill Taylor,163,54,94,61,91,0,0,0,-574876800000,0,1970,18,,0.327
Linda Forsythe,160,52,91,61,91,2,0,0,-619635600000,1,1970,19,,0.298
Chris Koren,170,54,89,61,89,2,0,0,-706899600000,2,1970,22,,0.057
Barbara Hillary,168,54,94,61,89,0,0,0,-658512000000,3,1970,21,,0.193
Jennifer Liano,164,48,91,56,86,2,0,0,-689616000000,4,1970,22,,0.191
Elaine Morton,165,50,89,61,89,2,0,0,-642963600000,5,1970,20,First cousins to be Playmates with Karen Morton.,0.158
Carol Willis,168,54,89,64,91,2,0,0,-653500800000,6,1970,21,,0.128
Sharon Clark,169,52,89,61,91,0,0,0,-827254800000,7,1970,26,,0.203
Debbie Ellison,169,54,89,61,91,0,0,0,-645642000000,8,1970,21,,0.096
Madeleine Collinson,169,52,91,64,91,2,0,0,-550515600000,9,1970,18,First twin Playmate with Mary Collinson.,0.263
Mary Collinson,169,52,91,64,91,2,0,0,-550515600000,9,1970,18,First twin Playmate with Madeleine Collinson.,0.263
Avis Miller,175,64,99,66,94,0,0,0,-762364800000,10,1970,24,,0.468
Carol Imhof,165,54,97,64,89,2,0,0,-688060800000,11,1970,22,,0.306
Liv Lindeland,171,49,91,56,86,0,0,0,-759513600000,0,1971,25,First Playmate to show clearly visible pubic hair.,0.213
Willy Rey,163,49,86,58,86,3,0,0,-642272400000,1,1971,21,,0.444
Cynthia Hall,160,54,94,64,91,1,0,0,-599587200000,2,1971,20,,0.426
Chris Cranston,171,57,91,61,91,0,0,0,-735238800000,3,1971,24,,0.163
Janice Pennington,173,56,91,58,91,2,0,0,-867344400000,4,1971,28,,0.344
Lieko English,165,53,91,58,91,2,0,0,-712602000000,5,1971,23,,0.144
Heather Van Every,163,47,81,58,86,2,0,0,-577904400000,6,1971,19,,0.359
Cathy Rowland,166,50,89,58,89,0,0,0,-625161600000,7,1971,21,,0.115
Crystal Smith,170,54,94,56,89,2,0,0,-581187600000,8,1971,20,,0.242
Claire Rambeau,180,60,91,61,91,2,0,0,-588618000000,9,1971,20,,0.362
Danielle de Vabre,164,54,91,64,86,2,0,0,-634838400000,10,1971,21,,0.187
Karen Christy,168,54,94,61,91,0,0,0,-593625600000,11,1971,20,,0.224
Marilyn Cole,173,54,91,61,89,2,0,0,-651776400000,0,1972,22,First full frontal nude centerfold.,0.149
P. J. Lansing,163,55,91,64,91,0,0,0,-638035200000,1,1972,22,,0.196
Ellen Michaels,160,49,94,61,89,2,0,0,-532800000000,2,1972,19,,0.338
Vicki Peters,173,52,86,56,86,2,0,0,-609440400000,3,1972,21,,0.200
Deanna Baker,170,50,89,56,89,2,0,0,-631382400000,4,1972,22,,0.116
Debbie Davis,170,55,91,61,91,2,0,0,-577904400000,5,1972,20,,0.166
Carol O'Neal,168,53,89,64,89,2,0,0,-674413200000,6,1972,23,,0.097
Linda Summers,157,48,91,58,89,2,0,0,-603216000000,7,1972,21,,0.329
Susan Miller,185,64,99,64,99,2,0,0,-718905600000,8,1972,25,,0.646
Sharon Johansen,173,57,102,56,94,0,0,0,-669744000000,9,1972,23,,0.491
Lenna Sjooblom,168,50,86,66,91,2,0,0,-591897600000,10,1972,21,,0.189
Mercy Rooney,163,52,91,58,91,0,0,0,-613760400000,11,1972,22,,0.179
Miki Garcia,163,49,97,56,91,2,0,3,-721756800000,0,1973,25,,0.936
Cyndi Wood,165,47,86,56,86,2,0,0,-608054400000,1,1973,22,,0.188
Bonnie Large,165,51,91,58,91,2,0,0,-546282000000,2,1973,20,First full frontal nude centerfold with clearly visible entire pubic hair.,0.187
Julie Woodson,173,57,89,61,89,1,0,1,-614624400000,3,1973,22,,0.937
Anulka Dziubinska,163,48,89,58,89,0,0,0,-601142400000,4,1973,22,,0.168
Ruthy Ross,157,47,89,58,89,2,0,0,-687283200000,5,1973,25,,0.346
Martha Smith,168,50,91,58,89,0,0,0,-543081600000,6,1973,20,,0.159
Phyllis Coleman,170,54,89,58,89,2,0,0,-641754000000,7,1973,23,,0.081
Geri Glass,173,57,97,61,91,0,0,0,-645382800000,8,1973,24,,0.328
Valerie Lane,170,57,94,61,91,2,0,0,-644086800000,9,1973,24,,0.221
Monica Tidwell,159,49,94,64,91,3,0,0,-503769600000,10,1973,19,,0.541
Christine Maddox,173,57,97,58,94,2,0,0,-624038400000,11,1973,23,,0.338
Nancy Cameron,173,54,89,58,89,2,0,0,-498585600000,0,1974,19,,0.221
Francine Parks,165,50,91,61,86,2,0,0,-597081600000,1,1974,23,,0.139
Pamela Zinszer,160,51,91,64,91,2,0,0,-451933200000,2,1974,18,,0.343
Marlene Morrow,174,57,91,64,91,0,0,0,-498585600000,3,1974,20,,0.242
Marilyn Lange,170,59,99,61,91,2,0,0,-567100800000,4,1974,22,,0.365
Sandy Johnson,168,52,89,61,86,2,0,0,-488739600000,5,1974,19,,0.184
Carol Vitale,168,52,94,56,89,0,0,0,-729964800000,6,1974,27,,0.319
Jeane Manson,170,55,91,61,89,0,0,0,-607536000000,7,1974,23,,0.105
Kristine Hanson,166,51,86,58,89,0,0,0,-576694800000,8,1974,22,,0.125
Ester Cordet,171,56,91,61,91,1,0,1,-725904000000,9,1974,27,First Hispanic-American Playmate.,0.967
Bebe Buell,175,54,89,61,89,2,0,0,-519670800000,10,1974,21,,0.191
Janice Raymond,178,65,97,66,97,2,0,0,-592416000000,11,1974,23,,0.479
Lynnda Kimball,170,54,94,56,89,0,0,0,-557600400000,0,1975,22,,0.209
Laura Misch,165,50,94,61,91,2,0,0,-508262400000,1,1975,21,,0.221
Ingeborg Sorensen,169,53,91,61,89,0,0,0,-682534800000,2,1975,26,,0.210
Victoria Cunningham,168,53,91,58,89,2,1,0,-555267600000,3,1975,22,,0.699
Bridgett Rollins,168,48,89,58,86,2,0,0,-420224400000,4,1975,18,,0.249
Azizi Johari,168,54,91,58,94,1,0,1,-673894800000,5,1975,26,,0.958
Lynn Schiller,160,49,91,56,89,0,0,0,-594144000000,6,1975,24,,0.274
Lillian Müller,173,57,91,61,89,0,0,0,-548096400000,7,1975,22,,0.162
Mesina Miller,164,50,89,61,86,2,0,0,-520275600000,8,1975,22,,0.134
Jill De Vries,170,46,86,58,86,0,0,0,-519152400000,9,1975,22,,0.159
Janet Lupo,168,57,99,61,91,2,0,0,-628963200000,10,1975,25,,0.382
Nancie Li Brandi,168,50,91,61,89,2,0,0,-484074000000,11,1975,21,,0.114
Daina House,170,58,91,64,91,0,0,0,-473529600000,0,1976,21,,0.175
Laura Lyons,165,54,89,64,94,1,0,0,-479491200000,1,1976,21,,0.332
Ann Pennington,166,50,86,64,89,0,0,0,-617907600000,2,1976,25,,0.203
Denise Michele,168,60,91,64,91,1,0,2,-522435600000,3,1976,22,,0.919
Patricia Margot McClain,173,57,86,61,94,0,0,0,-494355600000,4,1976,21,,0.216
Debra Peterson,168,54,91,61,86,2,0,0,-464371200000,5,1976,21,,0.119
Deborah Borkman,163,46,86,56,89,2,0,0,-409593600000,6,1976,19,,0.280
Linda Beatty,168,45,89,61,89,1,0,0,-545677200000,7,1976,23,,0.301
Whitney Kaine,160,48,89,58,86,2,0,0,-419101200000,8,1976,19,,0.299
Hope Olson,173,54,94,89,91,0,0,0,-433699200000,9,1976,20,,0.716
Patti McGuire,165,52,89,58,89,2,0,0,-578250000000,10,1976,25,,0.175
Karen Hafter,173,54,89,58,89,1,0,0,-473788800000,11,1976,21,,0.314
Susan Lynn Kiger,173,61,94,61,94,0,0,0,-508867200000,0,1977,23,,0.280
Star Stowe,168,46,81,53,84,2,0,0,-435081600000,1,1977,20,,0.357
Nicki Thomas,165,51,86,58,89,2,0,0,-497980800000,2,1977,22,,0.140
Lisa Sohm,173,54,89,61,89,2,0,0,-466531200000,3,1977,22,,0.127
Sheila Mullen,175,59,97,64,91,2,0,0,-383414400000,4,1977,19,,0.398
Virve Reid,159,48,91,56,81,2,0,0,-413481600000,5,1977,20,,0.346
Sondra Theodore,168,50,86,61,89,0,0,0,-411926400000,6,1977,20,,0.159
Julia Lyndon,168,51,91,58,81,1,0,0,-457549200000,7,1977,22,,0.329
Debra Jo Fondren,163,52,89,61,91,0,0,0,-470332800000,8,1977,22,,0.154
Kristine Winder,168,54,86,61,86,2,0,0,-448560000000,9,1977,21,,0.128
Rita Lee,178,57,91,58,91,0,0,0,-522176400000,10,1977,24,,0.297
Ashley Cox,173,54,91,61,89,2,0,0,-414259200000,11,1977,21,,0.163
Debra Jensen,173,54,91,61,89,0,0,0,-372614400000,0,1978,19,,0.229
Janis Schmitt,163,50,86,61,89,0,0,0,-719596800000,1,1978,30,,0.439
Christina Smith,168,50,86,61,89,2,0,0,-386352000000,2,1978,20,,0.159
Pamela Jean Bryant,165,52,89,61,89,0,0,0,-343843200000,3,1978,19,,0.198
Kathryn Morrison,170,50,86,58,86,0,0,0,-449683200000,4,1978,22,,0.129
Gail Stanton,155,47,86,56,86,1,0,0,-477072000000,5,1978,23,,0.477
Karen Morton,168,43,81,56,81,0,0,0,-354902400000,6,1978,19,First cousins to be Playmates with Elaine Morton.,0.389
Vicki Witt,170,53,91,61,91,2,0,0,-338313600000,7,1978,19,,0.205
Rosanne Katon,157,46,91,58,86,1,0,1,-501868800000,8,1978,24,,0.988
Marcy Hanson,173,53,89,58,89,0,0,0,-537292800000,9,1978,25,,0.194
Monique St. Pierre,170,53,91,66,91,0,0,0,-508089600000,10,1978,24,,0.192
Janet Quist,171,54,91,61,91,0,0,0,-453661200000,11,1978,23,,0.126
Candy Loving,170,50,94,61,86,2,0,0,-420483600000,0,1979,22,,0.194
Lee Ann Michelle,163,49,89,58,89,2,0,0,-309024000000,1,1979,18,,0.279
Denise McConnell,160,47,94,61,84,1,0,0,-347904000000,2,1979,20,,0.432
Missy Cleveland,163,43,86,56,81,0,0,0,-316195200000,3,1979,19,,0.337
Michele Drake,165,49,86,61,86,0,0,0,-375465600000,4,1979,21,,0.163
Louann Fernald,164,50,89,58,86,1,0,0,-384710400000,5,1979,21,,0.317
Dorothy Mays,170,54,91,61,86,0,0,0,-392576400000,6,1979,21,,0.126
Dorothy Stratten,175,56,91,61,91,0,0,0,-310579200000,7,1979,19,,0.271
Vicki McCarty,170,48,86,56,86,2,0,0,-503856000000,8,1979,25,,0.216
Ursula Buchfellner,168,47,84,58,84,0,0,0,-267728400000,9,1979,18,,0.308
Sylvie Garant,170,50,86,58,86,1,0,0,-387306000000,10,1979,22,,0.304
Candace Collins,170,50,89,58,86,2,0,0,-397674000000,11,1979,22,,0.094
Gig Gangel,173,52,97,61,91,2,0,0,-353692800000,0,1980,21,,0.316
Sandy Cagle,166,54,91,64,91,2,0,0,-407433600000,1,1980,22,,0.147
Henriette Allais,174,57,89,64,91,2,0,0,-487443600000,2,1980,25,,0.239
Liz Glazowski,165,50,89,61,86,2,0,0,-379785600000,3,1980,22,,0.112
Martha Thomsen,175,59,94,61,89,0,0,0,-408124800000,4,1980,23,,0.271
Ola Ray,157,48,86,66,89,1,0,1,-295030800000,5,1980,19,,1.004
Teri Peterson,170,47,89,56,86,0,0,0,-320428800000,6,1980,20,,0.190
Victoria Cooke,173,54,91,64,89,0,0,0,-391971600000,7,1980,23,,0.174
Lisa Welch,170,52,86,56,86,2,0,0,-288374400000,8,1980,19,,0.229
Mardi Jacquet,168,48,86,61,89,0,0,0,-289152000000,9,1980,19,,0.210
Jeana Tomasino,170,48,86,58,84,2,0,0,-450896400000,10,1980,25,,0.213
Terri Welles,175,54,91,61,91,0,0,0,-413740800000,11,1980,24,,0.219
Karen Price,165,56,97,66,94,2,0,0,-298486800000,0,1981,20,,0.367
Vicki Lynn Lasseter,173,54,91,58,86,2,0,0,-311356800000,1,1981,20,,0.203
Kymberly Herrin,173,56,91,61,91,0,0,0,-386524800000,2,1981,23,,0.168
Lorraine Michaels,160,47,89,56,86,1,0,0,-376761600000,3,1981,23,,0.380
Gina Goldberg,165,48,91,61,91,0,0,0,-205347600000,4,1981,17,,0.317
Cathy Larmouth,173,58,97,66,94,2,1,0,-519584400000,5,1981,27,,0.819
Heidi Sorenson,171,54,91,61,86,0,0,0,-296845200000,6,1981,20,,0.170
Debbie Boostrom,163,49,94,58,86,2,0,0,-458413200000,7,1981,26,,0.311
Susan Smith,173,54,91,61,86,0,0,0,-346003200000,8,1981,22,,0.156
Kelly Tough,170,54,91,61,91,2,0,0,-253814400000,9,1981,19,,0.206
Shannon Tweed,178,58,91,64,91,0,1,0,-404323200000,10,1981,24,,0.758
Patricia Farinelli,160,52,91,64,91,1,0,0,-308937600000,11,1981,21,,0.382
Kimberly McArthur,160,46,94,56,86,2,0,0,-230144400000,0,1982,19,,0.364
Anne-Marie Fox,173,51,81,58,86,1,0,1,-229107600000,1,1982,19,,0.987
Karen Witter,168,48,89,58,84,0,0,0,-254073600000,2,1982,20,,0.176
Linda Rhys Vaughn,154,44,86,58,86,2,0,0,-327949200000,3,1982,22,,0.417
Kym Malin,165,48,91,51,86,0,0,0,-234205200000,4,1982,19,,0.312
Lourdes Estores,160,46,86,56,84,1,0,3,-377798400000,5,1982,24,,0.954
Lynda Wiesmeier,168,52,91,56,91,0,0,0,-208026000000,6,1982,19,,0.222
Cathy St. George,163,46,86,56,86,0,0,0,-484678800000,7,1982,27,,0.333
Connie Brighton,170,52,86,56,89,0,0,0,-335638800000,8,1982,23,,0.145
Marianne Gravatte,173,48,86,53,81,0,0,0,-317232000000,9,1982,22,,0.282
Marlene Janssen,175,57,86,61,86,0,0,0,-357584400000,10,1982,24,,0.232
Charlotte Kemp,160,46,94,56,86,2,0,0,-281721600000,11,1982,21,,0.327
Lonny Chin,170,54,91,56,89,2,0,0,-296240400000,0,1983,22,First video Playmate.,0.135
Melinda Mays,163,46,89,58,86,0,0,0,-247852800000,1,1983,20,,0.224
Alana Soares,157,47,86,56,81,2,0,0,-184953600000,2,1983,19,,0.411
Christina Ferguson,163,48,86,56,84,2,0,0,-182707200000,3,1983,19,,0.285
Susie Scott Krabacher,165,49,86,58,86,0,0,0,-194544000000,4,1983,19,,0.234
Jolanda Egger,173,57,94,61,94,2,0,0,-314985600000,5,1983,23,,0.257
Ruth Guerri,165,49,89,56,86,0,0,0,-375033600000,6,1983,25,,0.207
Carina Persson,160,45,86,61,86,2,0,0,-364496400000,7,1983,25,,0.304
Barbara Edwards,165,48,89,58,86,2,0,0,-300301200000,8,1983,23,,0.139
Tracy Vaccaro,173,54,89,61,89,0,0,0,-241808400000,9,1983,21,,0.144
Veronica Gamba,173,51,86,56,86,1,0,3,-194976000000,10,1983,20,,0.932
Terry Nihen,168,45,89,58,84,2,0,0,-293130000000,11,1983,23,,0.161
Penny Baker,173,52,89,56,86,0,0,0,-133808400000,0,1984,18,,0.281
Justine Greiner,175,54,91,64,89,1,0,0,-193075200000,1,1984,20,,0.368
Dona Speir,170,54,94,61,89,0,0,0,-186163200000,2,1984,20,,0.222
Lesa Ann Pedriana,165,49,86,56,81,0,0,0,-224179200000,3,1984,21,,0.239
Patty Duffek,165,49,91,58,81,2,0,0,-200336400000,4,1984,20,,0.241
Tricia Lange,170,50,91,56,86,0,0,0,-400435200000,5,1984,27,,0.286
Liz Stewart,170,53,89,58,86,2,0,0,-268160400000,6,1984,22,,0.086
Suzi Schott,174,52,91,61,91,1,0,0,-266778000000,7,1984,23,,0.329
Kimberly Evenson,160,48,91,64,89,0,0,0,-225993600000,8,1984,21,,0.269
Debi Johnson,165,46,89,53,86,2,0,0,-372528000000,9,1984,26,,0.293
Roberta Vasquez,173,57,102,64,91,1,0,3,-217180800000,10,1984,21,,1.025
Karen Velez,170,54,94,58,89,1,1,0,-281721600000,11,1984,23,,0.770
Joan Bennett,173,54,91,61,89,2,0,0,-168454800000,0,1985,20,,0.192
Cherie Witter,175,53,86,58,86,2,0,0,-195498000000,1,1985,21,,0.220
Donna Smith,170,48,94,61,89,0,0,0,-309196800000,2,1985,24,,0.215
Cindy Brooks,170,52,86,58,86,0,0,0,-572976000000,3,1985,33,,0.575
Kathy Shower,175,55,89,61,89,0,0,0,-530726400000,4,1985,32,,0.540
Devin DeVasquez,170,50,86,56,86,1,0,3,-205779600000,5,1985,21,,0.920
Hope Marie Carlton,170,51,91,56,81,0,0,0,-120931200000,6,1985,19,,0.269
Cher Butler,170,56,97,61,89,0,0,0,-183744000000,7,1985,21,,0.295
Venice Kong,165,48,86,61,86,1,0,1,-253728000000,8,1985,23,,0.939
Cynthia Brimhall,174,57,91,64,91,3,0,0,-183398400000,9,1985,21,,0.452
Pamela Saunders,165,50,91,61,89,0,0,0,-204570000000,10,1985,22,,0.127
Carol Ficatier,170,54,89,58,89,2,0,0,-374342400000,11,1985,27,,0.256
Sherry Arnett,165,47,91,56,86,2,0,0,-165603600000,0,1986,21,,0.195
Julie McCullough,170,52,91,61,89,0,0,0,-155232000000,1,1986,21,,0.115
Kim Morris,168,54,89,58,89,0,0,0,-354556800000,2,1986,27,,0.253
Teri Weigel,170,49,91,53,86,2,1,0,-247766400000,3,1986,24,,0.727
Christine Richters,168,49,86,61,86,0,0,0,-107715600000,4,1986,19,,0.211
Rebecca Ferratti,165,48,86,61,86,2,0,0,-160761600000,5,1986,21,,0.169
Lynne Austin,168,50,89,61,89,0,0,0,-274982400000,6,1986,25,,0.148
Ava Fabian,170,52,91,61,86,2,0,0,-244396800000,7,1986,24,,0.135
Rebekka Armstrong,170,50,86,58,81,0,0,0,-90345600000,8,1986,19,,0.261
Katherine Hushaw,168,49,89,58,86,0,0,0,-195411600000,9,1986,22,,0.092
Donna Edmondson,178,58,91,58,89,2,0,0,-123523200000,10,1986,20,,0.308
Laurie Carr,170,47,86,53,84,0,0,0,-128016000000,11,1986,20,,0.262
Luann Lee,165,48,89,58,99,0,1,0,-281635200000,0,1987,25,,0.751
Julie Peterson,173,59,97,61,91,0,0,0,-165862800000,1,1987,22,,0.324
Marina Baker,170,54,86,58,89,2,0,0,-65203200000,2,1987,19,,0.210
Anna Clark,155,44,81,58,86,2,0,0,-101062800000,3,1987,20,,0.476
Kymberly Paige,173,54,86,61,89,0,0,0,-117993600000,4,1987,21,,0.170
Sandy Greenberg,170,49,89,53,84,0,1,0,-361213200000,5,1987,28,,0.781
Carmen Berg,170,52,89,58,89,2,0,0,-201200400000,6,1987,23,,0.078
Sharry Konopski,157,45,81,56,86,2,0,0,-65721600000,7,1987,19,,0.460
Gwen Hajek,170,54,91,61,91,0,0,0,-98467200000,8,1987,20,,0.163
Brandi Brandt,165,48,91,61,89,2,0,0,-36691200000,9,1987,18,,0.267
Pamela Stein,165,48,86,58,86,0,0,0,-201546000000,10,1987,24,,0.183
India Allen,180,58,89,61,86,2,0,0,-144694800000,11,1987,22,,0.322
Kimberley Conrad,175,55,91,61,91,0,0,0,-233686800000,0,1988,25,,0.247
Kari Kennell,165,46,86,56,84,2,0,0,-174502800000,1,1988,23,,0.213
Susie Owens,173,53,89,64,89,0,0,0,-429037200000,2,1988,31,,0.481
Eloise Broady,173,57,91,64,89,0,0,0,-398797200000,3,1988,30,,0.443
Diana Lee,170,54,91,61,89,1,0,2,-272739600000,4,1988,26,,0.928
Emily Arth,170,50,89,61,89,2,0,0,-290448000000,5,1988,27,,0.254
Terri Lynn Doss,169,49,91,56,81,0,0,0,-136486800000,6,1988,22,,0.206
Helle Michaelsen,168,48,89,61,86,0,0,0,-36691200000,7,1988,19,,0.196
Laura Richmond,160,48,91,61,86,2,0,0,-105987600000,8,1988,22,,0.250
Shannon Long,160,43,91,53,81,2,0,0,-27964800000,9,1988,19,,0.398
Pia Reyes,174,56,91,61,89,1,0,2,-173466000000,10,1988,24,,0.924
Kata Kärkkäinen,168,52,89,61,89,1,0,0,-37213200000,11,1988,20,,0.302
Fawna MacLaren,178,55,89,61,89,2,0,0,-127411200000,0,1989,23,,0.260
Simone Eden,166,53,94,61,89,2,0,0,14194800000,1,1989,18,First mother and daughter (separately) to become Playmates. Mother: Carol Eden,0.296
Laurie Wood,178,57,94,61,91,0,0,0,-79722000000,2,1989,21,,0.329
Jennifer Lyn Jackson,170,53,97,61,86,2,0,0,-24681600000,3,1989,20,,0.311
Monique Noel,170,52,91,58,89,0,0,0,-84556800000,4,1989,22,,0.105
Tawnni Cable,175,54,91,61,86,1,0,0,-84301200000,5,1989,22,,0.340
Erika Eleniak,168,52,86,61,81,0,1,0,-8096400000,6,1989,19,,0.736
Gianna Amore,170,50,97,61,86,2,0,0,-54921600000,7,1989,21,,0.296
Mirjam van Breeschooten,165,52,89,61,86,0,0,0,27504000000,8,1989,18,,0.251
Karin van Breeschooten,165,52,89,61,86,0,0,0,27504000000,8,1989,18,,0.251
Karen Foster,163,48,91,53,81,0,0,0,-148233600000,9,1989,24,,0.300
Renee Tenison,168,51,91,58,81,1,0,1,-34099200000,10,1989,20,First African-American Playmate of the Year.,0.951
Petra Verkaik,173,54,94,61,89,2,0,0,-99676800000,11,1989,23,,0.220
Peggy McIntaggart,170,52,91,58,89,0,1,0,-262544400000,0,1990,28,,0.761
Pamela Anderson,170,48,97,56,91,0,1,0,-79030800000,1,1990,22,,0.759
Deborah Driggs,168,50,86,58,86,2,1,0,-191001600000,2,1990,26,,0.729
Lisa Matthews,175,54,94,61,91,0,0,0,-8528400000,3,1990,20,,0.284
Tina Bockrath,173,57,86,61,91,0,0,0,-79117200000,4,1990,22,,0.177
Bonnie Marino,174,58,89,61,89,2,0,0,-253468800000,5,1990,28,,0.345
Jacqueline Sheen,163,51,91,61,86,0,0,0,-215625600000,6,1990,27,,0.300
Melissa Evridge,168,51,86,61,89,0,0,0,-36691200000,7,1990,21,,0.119
Kerri Kendall,166,50,91,56,84,0,0,0,23094000000,8,1990,19,,0.245
Brittany York,168,54,91,61,86,2,1,0,-152899200000,9,1990,25,,0.713
Lorraine Olivia,168,51,86,61,81,1,0,1,-58809600000,10,1990,22,,0.943
Morgan Fox,180,57,97,61,86,0,0,0,12726000000,11,1990,20,,0.439
Stacy Leigh Arthur,170,54,91,58,89,0,0,0,-49741200000,0,1991,22,,0.107
Cristy Thom,168,50,91,58,91,1,0,2,53161200000,1,1991,19,,0.926
Julie Clarke,165,50,86,56,81,0,0,0,50742000000,2,1991,19,,0.285
Christina Leardini,173,49,86,58,86,1,1,0,-29692800000,3,1991,22,,0.765
Carrie Jean Yazel,173,54,91,61,86,0,0,0,-2736000000,4,1991,21,,0.170
Saskia Linssen,175,59,97,69,97,2,0,0,4003200000,5,1991,21,,0.443
Wendy Kaye,168,51,86,58,89,0,0,0,73897200000,6,1991,19,,0.205
Corinna Harney,160,48,86,56,86,2,0,0,67420800000,7,1991,19,,0.323
Samantha Dorman,178,61,91,64,91,1,0,0,-56217600000,8,1991,23,,0.418
Cheryl Bachman,168,50,86,56,89,2,0,0,-3772800000,9,1991,21,,0.156
Tonja Christensen,170,49,86,58,86,0,0,0,52729200000,10,1991,20,,0.181
Wendy Hamilton,178,54,89,61,91,2,0,0,-64166400000,11,1991,23,,0.263
Suzi Simpson,165,45,91,58,86,0,0,0,-35481600000,0,1992,23,,0.183
Tanya Beyer,174,56,91,64,89,2,0,0,44866800000,1,1992,20,,0.232
Tylyn John,168,54,86,58,86,3,0,0,-107974800000,2,1992,25,,0.436
Cady Cantrell,170,54,91,61,91,0,0,0,85129200000,3,1992,19,,0.206
Anna Nicole Smith,180,64,91,66,97,0,1,0,-66067200000,4,1992,24,,0.817
Angela Melini,168,52,91,66,89,2,0,0,-13798800000,5,1992,22,,0.157
Amanda Hope,173,60,89,64,94,2,0,0,-11293200000,6,1992,22,,0.224
Ashley Allen,174,56,86,61,86,0,1,0,-59932800000,7,1992,24,,0.723
Morena Corwin,174,54,86,56,86,1,0,2,-5936400000,8,1992,22,,0.926
Tiffany Sloan,168,54,91,64,91,0,0,0,107506800000,9,1992,19,,0.219
Stephanie Adams,175,52,86,61,86,1,0,1,17650800000,10,1992,22,,0.948
Barbara Moore,168,50,91,61,89,0,1,0,-43002000000,11,1992,24,,0.703
Echo Johnson,170,50,91,58,84,0,0,0,127123200000,0,1993,18,,0.268
Jennifer LeRoy,178,54,86,61,89,2,0,0,126777600000,1,1993,19,,0.322
Kimberly Donley,173,52,86,61,86,0,0,0,-127670400000,2,1993,27,,0.293
Nicole Wood,168,49,91,58,86,0,0,0,2966400000,3,1993,23,,0.124
Elke Jeinsen,174,54,86,61,86,0,0,0,-108493200000,4,1993,26,,0.266
Alesha Oreskovich,173,57,91,64,91,1,0,0,75279600000,5,1993,21,,0.341
Leisa Sheridan,170,54,97,66,86,0,0,0,-176576400000,6,1993,29,,0.472
Jennifer Lavoie,163,45,81,56,81,2,0,0,36316800000,7,1993,22,,0.364
Carrie Westcott,174,54,86,61,89,0,1,0,-1699200000,8,1993,23,,0.715
Jenny McCarthy,170,54,97,61,86,0,1,0,89452800000,9,1993,20,,0.759
Julianna Young,171,50,97,53,86,0,1,0,-292957200000,10,1993,33,,0.953
Arlene Baxter,180,59,86,66,91,0,0,0,-223920000000,11,1993,31,,0.584
Anna-Marie Goddard,175,56,91,61,89,0,1,0,1065600000,0,1994,23,,0.721
Julie Lynn Cialini,180,57,86,64,89,2,0,0,27417600000,1,1994,23,,0.340
Neriah Davis,173,54,91,58,91,0,1,0,87721200000,2,1994,21,,0.715
Becky DelosSantos,178,59,91,61,91,2,0,0,-11898000000,3,1994,24,,0.302
Shae Marks,163,48,86,58,86,0,1,0,76230000000,4,1994,21,,0.722
Elan Carter,175,56,86,61,89,1,0,1,-15699600000,5,1994,24,,0.952
Traci Adell,180,59,91,61,91,1,1,0,-27446400000,6,1994,25,,0.829
Maria Checa,157,43,81,58,84,1,0,3,18082800000,7,1994,24,,1.007
Kelly Gallagher,168,48,86,61,89,2,0,0,-66672000000,8,1994,26,,0.226
Victoria Zdrok,175,53,91,58,86,0,0,0,99993600000,9,1994,21,,0.215
Donna Perry,180,61,86,64,89,2,0,0,36748800000,10,1994,23,,0.357
Elisa Bridges,152,41,86,56,86,2,0,0,107074800000,11,1994,21,,0.492
Melissa Holliday,168,50,86,61,86,0,1,0,-5414400000,0,1995,25,,0.715
Lisa Marie Scott,157,47,86,53,84,2,0,0,128937600000,1,1995,21,,0.382
Stacy Sanches,175,59,86,61,91,2,1,0,115974000000,2,1995,21,,0.732
Danelle Folta,178,56,86,61,89,2,0,0,-22176000000,3,1995,25,,0.309
Cynthia Brown,164,51,86,58,86,2,0,0,154598400000,4,1995,20,,0.205
Rhonda Adams,170,48,86,61,84,0,0,0,60076800000,5,1995,23,,0.157
Heidi Mark,170,48,86,58,84,0,0,0,35712000000,6,1995,24,,0.183
Rachel Jean Marteen,170,56,86,61,89,2,0,0,2620800000,7,1995,25,,0.182
Donna D'Errico,165,50,86,56,86,0,1,0,-55440000000,8,1995,27,,0.754
Alicia Rickter,173,50,86,58,86,2,0,0,85906800000,9,1995,23,,0.175
Holly Witt,165,51,86,61,86,0,1,0,-33408000000,10,1995,26,,0.732
Samantha Torres,175,53,86,61,86,0,0,0,118738800000,11,1995,22,,0.204
Victoria Fuller,173,56,91,61,86,0,0,0,29750400000,0,1996,25,,0.215
Kona Carmack,163,49,86,61,86,2,0,0,213001200000,1,1996,19,,0.254
Priscilla Taylor,173,55,91,64,86,0,1,0,208940400000,2,1996,19,,0.736
Gillian Bonner,168,52,86,61,84,0,0,0,-123350400000,3,1996,30,,0.424
Shauna Sand,163,44,84,56,84,0,1,0,52642800000,4,1996,24,,0.753
Karin Taylor,175,56,86,58,86,1,0,3,60163200000,5,1996,24,,0.934
Angel Boris,163,50,86,56,86,2,0,0,144658800000,6,1996,21,,0.216
Jessica Lee,165,47,86,61,86,2,0,0,161942400000,7,1996,21,,0.176
Jennifer Allan,173,54,86,61,86,2,0,0,137746800000,8,1996,22,,0.163
Nadine Chanz,168,46,86,56,86,0,1,0,72345600000,9,1996,24,,0.719
Ulrika Ericsson,170,54,86,64,89,2,0,0,21798000000,10,1996,26,,0.236
Victoria Silvstedt,179,63,89,64,91,0,1,0,148806000000,11,1996,22,,0.771
Jami Ferrell,173,54,91,56,89,0,0,0,140943600000,0,1997,22,,0.177
Kimber West,176,57,91,61,91,1,1,3,138524400000,1,1997,22,,1.163
Jennifer Miriam,165,52,91,61,86,2,0,0,73638000000,2,1997,24,,0.156
Kelly Monaco,160,43,86,53,81,2,0,0,201682800000,3,1997,20,,0.381
Lynn Thomas,170,54,86,64,89,1,0,2,191059200000,4,1997,21,,0.915
Carrie Stevens,168,52,86,61,86,2,0,0,-21142800000,5,1997,28,,0.316
Daphnée Lynn Duplaix,171,54,86,61,91,1,0,1,209199600000,6,1997,20,,0.943
Kalin Olson,170,57,91,61,81,0,0,0,189072000000,7,1997,21,,0.203
Nikki Schieler,173,54,91,58,89,0,1,0,50569200000,8,1997,26,,0.735
Layla Roberts,177,55,91,61,91,0,1,0,151657200000,9,1997,22,,0.736
Inga Drozdova,173,56,91,61,91,0,0,0,187776000000,10,1997,21,,0.178
Karen McDougal,173,57,86,61,86,0,1,0,38563200000,11,1997,26,,0.739
Heather Kozar,173,53,91,61,89,0,1,0,200041200000,0,1998,21,,0.711
Julia Schultz,175,57,86,64,91,0,0,0,298278000000,1,1998,18,,0.325
Marliece Andrada,170,54,89,61,89,0,0,0,83314800000,2,1998,25,,0.151
Holly Joan Hart,171,57,86,58,86,1,0,1,216460800000,3,1998,21,,0.941
Deanna Brooks,164,49,91,61,89,0,0,0,136537200000,4,1998,24,,0.174
Maria Luisa Gil,173,57,86,61,86,1,0,3,251107200000,5,1998,20,,0.929
Lisa Dergan,174,54,86,61,86,0,0,0,19119600000,6,1998,27,,0.306
Angela Little,159,43,86,58,86,0,1,0,80636400000,7,1998,26,,0.782
Vanessa Gleason,165,50,86,58,81,2,0,0,304930800000,8,1998,19,,0.273
Laura Cover,165,51,86,58,86,0,0,0,231750000000,9,1998,21,,0.163
Tiffany Taylor,170,49,86,64,89,2,0,0,237970800000,10,1998,21,,0.160
Erica Dahm,173,52,86,64,86,0,1,0,250761600000,11,1998,20,First triplets to become Playmates.,0.726
Nicole Dahm,173,52,86,64,86,0,1,0,250761600000,11,1998,20,First triplets to become Playmates.,0.726
Jaclyn Dahm,173,52,86,64,86,0,1,0,250761600000,11,1998,20,First triplets to become Playmates.,0.726
Jaime Bergman,165,50,86,58,86,0,1,0,180687600000,0,1999,23,,0.709
Stacy Marie Fuson,175,54,86,61,89,0,0,0,273308400000,1,1999,20,,0.233
Alexandria Karlsen,170,49,86,58,86,3,0,0,278233200000,2,1999,20,,0.435
Natalia Sokolova,180,58,86,56,89,0,0,0,214210800000,3,1999,22,,0.345
Tishara Cousino,170,54,91,53,86,2,1,0,266828400000,4,1999,20,,0.730
Kimberly Spicer,168,53,91,61,86,2,0,0,316944000000,5,1999,19,,0.199
Jennifer Rovero,173,54,86,61,81,2,0,0,282297600000,6,1999,20,,0.250
Rebecca Scott,173,64,97,71,97,0,1,0,86425200000,7,1999,26,,0.857
Kristi Cline,173,53,86,61,84,0,0,0,326271600000,8,1999,19,,0.249
Jodi Ann Paterson,165,51,81,58,86,2,0,0,176022000000,9,1999,24,,0.295
Cara Wakelin,165,51,86,61,89,0,0,0,224236800000,10,1999,22,,0.132
Brooke Richards,171,54,86,61,89,0,1,0,214383600000,11,1999,23,,0.703
Carol Bernaola,170,50,81,58,86,2,1,3,209977200000,0,2000,23,,1.139
Darlene Bernaola,170,50,81,58,86,2,1,3,209977200000,0,2000,23,,1.139
Suzanne Stokes,163,48,89,58,84,0,1,0,300351600000,1,2000,20,,0.728
Nicole Marie Lenz,165,48,81,61,81,2,0,0,317548800000,2,2000,20,,0.343
Brande Roderick,170,53,89,61,86,0,1,0,140338800000,3,2000,25,,0.710
Brooke Berry,173,52,91,61,91,2,0,0,321264000000,4,2000,20,,0.198
Shannon Stewart,168,51,86,61,91,2,1,0,264927600000,5,2000,22,,0.701
Neferteri Shepherd,175,54,91,64,89,1,0,1,337244400000,6,2000,19,,0.966
Summer Altice,179,57,86,58,84,2,0,0,314784000000,7,2000,20,,0.342
Kerissa Fare,174,52,86,66,84,0,0,0,220867200000,8,2000,23,,0.240
Nichole Van Croft,165,52,91,61,86,0,1,0,121334400000,9,2000,26,,0.730
Buffy Tyler,165,49,91,61,86,0,1,0,261734400000,10,2000,22,,0.706
Cara Michelle,188,61,86,66,91,2,0,0,255168000000,11,2000,22,,0.560
Irina Voronina,177,54,89,61,91,0,0,0,251366400000,0,2001,23,,0.238
Lauren Michelle Hill,168,45,86,53,84,2,0,0,299314800000,1,2001,21,,0.251
Miriam Gonzalez,163,51,86,64,91,2,0,0,237193200000,2,2001,23,,0.202
Katie Lohmann,163,47,81,56,81,0,1,0,317980800000,3,2001,21,,0.781
Crista Nicole,175,57,86,64,89,0,1,0,270111600000,4,2001,22,,0.728
Heather Spytek,168,50,91,56,81,2,1,0,250761600000,5,2001,23,,0.722
Kimberley Stanfield,168,48,86,61,86,0,0,0,374918400000,6,2001,19,,0.216
Jennifer Walcott,160,48,81,61,81,0,1,0,231922800000,7,2001,24,,0.794
Dalene Kurtis,165,51,86,61,89,0,1,0,248169600000,8,2001,23,First Playmate to pose with shaved pubic area.,0.705
Stephanie Heinrich,160,50,86,64,86,0,0,0,311328000000,9,2001,21,,0.271
Lindsey Vuolo,173,54,86,61,89,2,0,0,372322800000,10,2001,20,,0.197
Shanna Moakler,173,53,86,61,86,0,0,0,165225600000,11,2001,26,,0.251
Nicole Narain,163,50,86,69,89,1,0,1,144226800000,0,2002,27,,0.995
Anka Romensky,178,57,86,58,89,0,1,0,337935600000,1,2002,21,,0.751
Tina Jordan,165,52,86,61,86,0,1,0,83228400000,2,2002,29,,0.788
Heather Carolin,163,44,86,56,76,3,0,0,398242800000,3,2002,19,,0.555
Christi Shake,170,55,86,61,86,0,1,0,335775600000,4,2002,21,,0.706
Michele Rogers,160,47,81,58,84,2,1,3,200905200000,5,2002,26,,1.180
Lauren Anderson,175,57,86,61,89,0,0,0,329122800000,6,2002,22,,0.210
Christina Santiago,165,49,86,61,84,1,0,3,371977200000,7,2002,20,,0.928
Shallan Meiers,165,49,86,61,84,0,0,0,370681200000,8,2002,20,,0.206
Teri Harrison,168,53,86,66,84,0,1,0,351158400000,9,2002,21,,0.720
Serria Tawan,173,59,86,64,86,1,0,1,273740400000,10,2002,24,,0.953
Lani Todd,170,57,91,64,89,0,0,0,360486000000,11,2002,21,,0.159
Rebecca Ramos,165,50,86,61,86,2,1,0,-74192400000,0,2003,35,,0.972
Charis Boyle,173,54,86,61,86,0,1,0,210322800000,1,2003,26,,0.737
Pennelope Jimenez,170,57,86,61,89,2,1,0,270284400000,2,2003,24,,0.708
Carmella DeCesare,173,59,86,61,69,1,1,3,394354800000,3,2003,20,,1.228
Laurie Fetter,173,52,86,61,89,0,0,0,379411200000,4,2003,21,,0.168
Tailor James,163,50,86,61,86,0,0,0,333010800000,5,2003,22,,0.181
Marketa Janska,170,52,86,61,86,0,0,0,359535600000,6,2003,22,,0.114
Colleen Marie,170,57,86,64,91,2,0,0,241599600000,7,2003,25,,0.213
Luci Victoria,178,59,86,64,89,0,1,0,381484800000,8,2003,21,,0.758
Audra Lynn,173,52,86,61,86,0,0,0,318153600000,9,2003,23,,0.164
Divini Rae,173,57,91,61,91,0,1,0,239180400000,10,2003,26,,0.738
Deisy Teles,173,56,91,64,91,1,0,3,421916400000,11,2003,20,,0.932
Sarah Teles,173,56,91,64,91,1,0,3,421916400000,11,2003,20,,0.932
Colleen Shannon,157,49,86,64,86,0,1,0,261388800000,0,2004,25,,0.781
Aliya Wolf,170,54,86,61,89,2,1,0,159177600000,1,2004,29,,0.783
Sandra Hubby,163,47,86,56,86,2,0,0,280656000000,2,2004,25,,0.259
Krista Kelly,177,58,86,64,89,2,1,0,235465200000,3,2004,26,,0.769
Nicole Whitehead,163,50,81,61,86,0,0,0,342259200000,4,2004,23,,0.302
Hiromi Oshima,163,49,86,56,86,1,0,2,315993600000,5,2004,24,,0.930
Stephanie Glasson,170,53,86,61,84,0,1,0,186652800000,6,2004,28,,0.766
Pilar Lastra,166,50,86,64,86,2,0,0,348393600000,7,2004,23,,0.158
Scarlett Keegan,165,48,86,61,86,3,0,0,453711600000,8,2004,20,,0.441
Kimberly Holland,165,46,86,58,84,0,1,0,397033200000,9,2004,22,,0.719
Cara Zavaleta,168,54,86,64,86,2,0,0,329900400000,10,2004,24,,0.163
Tiffany Fallon,168,52,86,58,89,1,1,0,136623600000,11,2004,30,,0.854
Destiny Davis,165,50,91,61,86,0,1,0,493714800000,0,2005,19,,0.727
Amber Campisi,168,58,91,71,91,2,0,0,361954800000,1,2005,23,,0.284
Jillian Grace,165,53,91,61,91,0,0,0,503913600000,2,2005,19,,0.219
Courtney Rachel Culkin,160,48,86,61,86,0,1,0,414835200000,3,2005,22,,0.737
Jamie Westenhiser,170,51,86,58,86,2,1,0,373536000000,4,2005,23,,0.704
Kara Monaco,168,50,86,61,86,0,1,0,415094400000,5,2005,22,,0.701
Qiana Chase,175,59,91,64,91,1,0,1,350812800000,6,2005,24,,0.960
Tamara Witmer,173,52,86,61,86,2,1,0,448704000000,7,2005,21,,0.714
Vanessa Hoelsher,168,54,91,64,91,0,1,0,380275200000,8,2005,23,,0.705
Amanda Paige,173,53,86,61,84,0,0,0,467794800000,9,2005,20,,0.216
Raquel Gibson,163,50,86,58,89,2,0,3,487580400000,10,2005,20,,0.889
Christine Smith,165,52,86,61,86,2,0,0,292233600000,11,2005,26,,0.237
Athena Lundberg,168,54,86,64,91,0,0,0,513676800000,0,2006,19,,0.224
Cassandra Lynn,165,50,81,61,86,0,1,0,303548400000,1,2006,26,,0.771
Monica Leigh,168,52,91,61,91,2,1,3,377596800000,2,2006,24,,1.113
Holley Ann Dorrough,173,52,86,64,86,0,0,0,524214000000,3,2006,19,,0.253
Alison Waite,168,53,86,61,86,2,1,0,374227200000,4,2006,24,,0.706
Stephanie Larimore,163,48,86,58,86,2,1,0,356688000000,5,2006,25,,0.733
Sara Jean Underwood,160,47,81,61,79,0,1,0,449136000000,6,2006,22,,0.800
Nicole Voss,165,49,81,58,84,2,0,0,401266800000,7,2006,23,,0.298
Janine Habeck,168,50,91,66,91,1,0,0,423471600000,8,2006,23,,0.325
Jordan Monroe,175,59,86,61,86,2,0,0,513849600000,9,2006,20,,0.257
Sarah Elizabeth,165,50,86,58,81,0,0,0,429260400000,10,2006,23,,0.212
Kia Drayton,175,54,86,61,86,1,1,1,418896000000,11,2006,23,,1.174
Jayde Nicole,175,53,86,61,89,1,0,0,509184000000,0,2007,20,,0.360
Heather Rene Smith,160,52,86,61,86,0,1,0,537091200000,1,2007,20,,0.744
Tyran Richard,173,52,86,61,86,0,1,0,402303600000,2,2007,24,,0.716
Giuliana Marino,168,52,84,64,89,2,0,0,516351600000,3,2007,20,,0.218
Shannon James,173,52,86,58,86,0,0,0,539510400000,4,2007,20,,0.207
Brittany Binger,171,51,86,61,89,2,0,0,543571200000,5,2007,20,,0.170
Tiffany Selby,170,55,86,61,86,0,1,0,374572800000,6,2007,25,,0.716
Tamara Sky,168,49,84,61,86,2,0,3,477734400000,7,2007,22,,0.880
Patrice Hollis,173,53,86,58,84,1,0,1,368175600000,8,2007,26,,0.964
Spencer Scott,163,53,81,69,91,0,1,0,607676400000,9,2007,18,,0.813
Lindsay Wagner,175,54,86,69,86,0,0,0,574329600000,10,2007,19,,0.337
Sasckya Porto,178,54,86,58,86,1,1,3,468057600000,11,2007,23,,1.173
Sandra Nilsson,175,56,89,66,89,2,0,0,509011200000,0,2008,21,,0.238
Michelle McLaughlin,170,52,86,61,89,0,0,0,519548400000,1,2008,21,,0.124
Ida Ljungqvist,163,49,81,53,89,2,1,1,370422000000,2,2008,26,,1.190
Regina Deutinger,175,58,94,64,94,0,1,0,401094000000,3,2008,25,,0.768
AJ Alexander,170,51,81,61,89,2,0,0,337935600000,4,2008,27,,0.359
Juliette Fretté,170,54,86,64,91,0,0,0,441187200000,5,2008,24,,0.170
Laura Croft,165,53,86,61,86,1,1,0,412761600000,6,2008,25,,0.770
Kayla Collins,157,48,86,61,86,0,0,0,544262400000,7,2008,21,,0.332
Valerie Mason,170,52,86,64,91,1,1,0,570441600000,8,2008,20,,0.768
Kelly Carrington,165,52,86,61,86,0,0,0,519980400000,9,2008,22,,0.138
Grace Kim,168,49,91,53,81,1,1,2,303980400000,10,2008,29,,1.215
Natalie Campbell,173,52,86,64,89,0,0,0,523868400000,11,2008,22,,0.177
Jennifer Campbell,173,52,86,64,89,0,0,0,523868400000,11,2008,22,,0.177
Dasha Astafieva,170,55,86,58,91,1,0,0,491986800000,0,2009,23,,0.306
Jessica Burciaga,157,50,81,61,86,2,0,3,418896000000,1,2009,25,,0.961
Jennifer Pershing,173,57,89,69,94,0,0,0,330246000000,2,2009,28,,0.405
Hope Dworaczyk,178,57,86,58,89,2,1,0,469872000000,3,2009,24,,0.753
Crystal McCahill,170,57,86,66,86,2,1,0,440582400000,4,2009,25,,0.731
Candice Cassidy,175,54,86,61,91,0,0,0,498898800000,5,2009,23,,0.209
Karissa Shannon,178,57,86,66,86,0,1,0,623314800000,6,2009,19,,0.779
Kristina Shannon,178,57,86,66,86,0,1,0,623314800000,7,2009,19,,0.779
Kimberly Phillips,173,57,86,64,89,2,1,0,537177600000,8,2009,22,,0.718
Lindsey Evans,178,57,86,61,91,0,0,0,629193600000,9,2009,19,,0.333
Kelley Thompson,168,52,86,64,86,2,1,0,565948800000,10,2009,21,,0.709
Crystal Harris,168,56,86,64,89,0,1,0,515142000000,11,2009,23,,0.707
Jaime Faith Edmondson,173,57,84,61,91,2,1,0,283852800000,0,2010,31,,0.857
Heather Rae Young,170,46,81,61,84,0,1,0,558774000000,1,2010,22,,0.752
Kyra Milan,170,54,81,61,84,2,0,0,625996800000,2,2010,20,,0.303
Amy Leigh Andrews,157,51,86,61,89,0,0,0,464425200000,3,2010,25,,0.344
Kassie Lyn Logsdon,170,57,86,64,91,2,0,0,536918400000,4,2010,23,,0.163
Katie Vernola,173,57,86,66,89,0,1,0,688028400000,5,2010,18,,0.759
Shanna McLaughlin,173,56,86,66,91,0,0,0,484556400000,6,2010,25,,0.258
Francesca Frigo,165,52,86,61,86,1,1,3,511862400000,7,2010,24,,1.151
Olivia Paige,170,54,91,61,91,0,0,0,674895600000,8,2010,19,,0.206
Claire Sinclair,173,57,91,61,91,1,0,0,675154800000,9,2010,19,,0.367
Shera Bechard,168,53,86,66,91,0,0,0,432370800000,10,2010,27,,0.300
Ashley Hobbs,168,54,86,69,81,0,0,0,620809200000,11,2010,21,,0.281
Anna Sophia Berglund,168,58,86,89,91,0,1,0,513072000000,0,2011,24,,0.976
Kylie Johnson,163,49,81,64,89,1,0,3,659952000000,1,2011,20,,0.964
Ashley Mattingly,170,50,81,61,81,0,1,0,526719600000,2,2011,24,,0.761
Jaclyn Swedberg,165,48,86,64,89,2,1,0,650617200000,3,2011,20,,0.723
Sasha Bonilova,170,58,91,69,91,0,0,0,548492400000,4,2011,23,,0.247
Mei-Ling Lam,168,49,81,61,86,2,0,2,443952000000,5,2011,27,,0.933
Jessa Lynn Hinton,173,53,86,64,86,0,1,0,450432000000,6,2011,27,,0.757
Iryna Ivanova,163,48,81,64,89,1,1,0,544690800000,7,2011,24,,0.813
Tiffany Toth,173,57,86,61,91,0,1,0,512380800000,8,2011,25,,0.728
Amanda Cerny,170,57,86,61,86,2,1,0,677919600000,9,2011,20,,0.715
Ciara Price,163,54,81,64,89,0,0,0,642322800000,10,2011,21,,0.315
Rainy Day Jordan,175,57,86,61,94,2,0,0,671094000000,11,2011,20,,0.269
Heather Knox,163,57,86,66,89,0,0,0,474796800000,0,2012,26,,0.297
Leola Bell,163,52,89,58,91,1,0,1,472377600000,1,2012,27,,0.971
Lisa Seiffert,180,57,86,61,89,0,0,0,399538800000,2,2012,29,,0.480
Raquel Pomplun,168,56,86,64,91,2,0,0,562057200000,3,2012,24,First Mexican-American Playmate of the Year.,0.172
Nikki Leigh,160,51,86,66,81,0,0,0,590137200000,4,2012,23,,0.316
Amelia Talon,170,52,86,61,91,0,1,0,631526400000,5,2012,22,,0.702
Shelby Chesnes,160,45,86,64,86,2,0,0,666518400000,6,2012,21,,0.292
Beth Williams,175,56,86,61,86,0,0,0,539510400000,7,2012,25,,0.253
Alana Campos,175,54,91,64,91,2,1,0,657792000000,8,2012,21,,0.729
Pamela Horton,170,50,81,56,89,2,0,0,578732400000,9,2012,24,,0.294
Britany Nola,175,57,86,66,91,0,0,0,671439600000,10,2012,21,,0.263
Amanda Streich,175,57,86,66,89,0,0,0,738399600000,11,2012,19,,0.304
Karina Marie,173,50,81,64,84,0,0,0,444816000000,0,2013,28,,0.433
Shawn Dillon,170,54,86,64,91,2,1,0,518511600000,1,2013,26,,0.733
Ashley Doris,165,50,81,56,86,1,0,0,625910400000,2,2013,23,,0.405
Jaslyn Ome,165,50,81,64,89,2,0,1,680079600000,3,2013,21,,0.933
Kristen Nicole,175,52,86,61,84,0,1,0,627120000000,4,2013,23,,0.726
Audrey Aleen Allen,157,48,86,61,86,0,0,0,671094000000,5,2013,22,,0.325
Alyssa Arcè,173,54,86,64,86,2,0,0,699177600000,6,2013,21,,0.196
Val Keil,163,49,81,61,86,2,0,0,662976000000,7,2013,22,,0.303
Bryiana Noelle,160,39,79,61,81,1,0,3,680079600000,8,2013,22,,1.019
Carly Lauren,175,54,86,64,89,0,1,0,646988400000,9,2013,23,,0.726
Gemma Lee Farrell,173,52,84,66,86,2,0,0,569232000000,10,2013,25,,0.282
Kennedy Summers,174,54,81,58,91,0,0,0,541756800000,11,2013,26,,0.362
Roos van Montfort,176,54,81,61,89,2,0,0,628329600000,0,2014,24,,0.339
Amanda Booth,175,54,81,61,89,0,0,0,521708400000,1,2014,27,,0.397
Britt Linn,178,59,81,58,89,2,0,0,648457200000,2,2014,23,,0.379
Shanice Jordyn,168,54,86,66,91,2,0,3,702716400000,3,2014,21,,0.882
Dani Mathers,155,45,84,56,79,0,1,0,536832000000,4,2014,27,,0.865
Jessica Ashley,175,59,81,64,91,2,0,0,629107200000,5,2014,24,,0.353
Emily Agnes,173,48,86,56,81,2,0,0,679215600000,6,2014,22,,0.247
Maggie May,180,57,86,64,89,2,0,0,563961600000,7,2014,26,,0.389
Stephanie Branton,170,48,81,64,81,0,0,0,643014000000,8,2014,24,,0.334
Roxanna June,175,57,86,64,89,2,0,0,676278000000,9,2014,23,,0.229
Gia Marie,173,52,86,64,86,3,0,0,476438400000,10,2014,29,,0.559
Elizabeth Ostrander,173,54,86,61,89,3,0,0,597484800000,11,2014,25,,0.447
Brittny Ward,178,59,81,64,89,1,0,0,643359600000,0,2015,24,,0.480
Kayslee Collins,175,54,81,64,89,0,0,0,670147200000,1,2015,23,,0.325
Chelsie Aryn,165,53,86,66,79,2,0,0,716799600000,2,2015,22,,0.269
Alexandra Tyler,175,59,81,61,89,1,0,0,768466800000,3,2015,20,,0.444
Brittany Brousseau,170,50,81,61,91,2,0,0,592642800000,4,2015,26,,0.331
Kaylia Cassandra,168,53,81,64,86,1,0,1,638179200000,5,2015,25,,0.976
Kayla Rae Reid,170,57,81,66,91,0,1,0,678697200000,6,2015,23,,0.757
Dominique Jane,173,45,81,61,86,3,0,0,579769200000,7,2015,27,,0.560
Monica Sims,173,52,81,64,89,0,0,0,708591600000,8,2015,23,,0.300
Ana Cheri,170,57,86,64,97,2,1,3,516610800000,9,2015,29,,1.183
Rachel Harris,160,45,81,61,86,0,0,0,677746800000,10,2015,24,,0.372
Eugena Washington,176,59,86,64,94,1,0,1,466066800000,11,2015,31,,1.070
Amberleigh West,168,50,81,58,81,0,0,0,683967600000,0,2016,24,,0.318
Kristy Garett,170,52,81,58,86,0,0,0,634896000000,1,2016,25,,0.304
Dree Hemingway,175,58,81,58,89,2,0,0,565603200000,2,2016,28,,0.442
Camille Rowe,170,54,81,58,89,0,0,0,646902000000,3,2016,25,,0.301
Brook Power,173,52,86,64,89,2,0,0,621759600000,4,2016,26,,0.261
Josie Canseco,175,53,81,58,86,0,0,0,847180800000,5,2016,19,,0.363
Ali Michael,175,52,84,58,86,2,0,0,642754800000,6,2016,26,,0.312
Valerie van der Graaf,180,55,81,64,91,0,0,0,697881600000,7,2016,24,,0.423
Kelly Gale,180,54,81,61,86,1,0,3,800434800000,8,2016,21,,0.993
Allie Silva,175,50,86,64,89,0,0,0,773996400000,9,2016,22,,0.220
Ashley Smith,175,48,81,58,86,0,0,0,659606400000,10,2016,25,,0.355
Eniko Mihalik,178,48,81,58,89,2,0,0,547714800000,11,2016,29,,0.511
Bridget Malcolm,178,50,84,61,89,0,0,0,690624000000,0,2017,25,,0.332
Joy Corrigan,173,55,86,61,86,0,1,0,569318400000,1,2017,29,,0.793
Elizabeth Elam,173,51,81,58,86,2,0,0,681375600000,2,2017,25,,0.325
Nina Daniele,175,55,86,61,89,2,0,0,599212800000,3,2017,28,,0.360
Lada Kravchenko,180,54,84,61,86,0,0,0,722937600000,4,2017,24,,0.359
Elsie Hewitt,178,55,81,61,91,2,0,0,826099200000,5,2017,21,,0.374
Dana Taylor,175,54,81,61,86,1,0,0,741596400000,6,2017,23,,0.420
Liza Kei,173,53,84,58,86,2,0,0,650098800000,7,2017,26,,0.286
Jessica Wall,178,56,86,61,89,2,0,0,824716800000,8,2017,21,,0.284
Milan Dixon,177,55,84,58,86,1,0,1,623574000000,9,2017,27,,1.000
Ines Rau,178,56,89,64,89,2,1,3,606211200000,10,2017,28,First openly transgender Playmate.,1.177
Allie Leggett,170,54,81,61,86,0,0,0,758361600000,11,2017,23,,0.268
Kayla Garvin,170,53,81,61,86,2,0,0,646988400000,0,2018,27,,0.362
Megan Samperi,170,54,81,58,86,0,0,0,740646000000,1,2018,24,,0.284
Jenny Watwood,170,54,84,58,89,2,0,0,659088000000,2,2018,27,,0.300
Nereyda Bird,175,54,81,61,91,1,0,1,892882800000,3,2018,19,,0.994
Shauna Sexton,173,59,86,66,91,2,0,0,822124800000,4,2018,22,,0.233
Cassandra Dawn,165,48,81,58,81,2,0,0,631958400000,5,2018,28,,0.440
Valeria Lakhina,168,51,86,58,86,3,0,0,622710000000,6,2018,28,,0.509
Lorena Medina,168,51,81,58,86,2,0,3,695721600000,7,2018,26,,0.923
Kirby Griffin,170,53,86,61,89,1,0,1,690105600000,8,2018,26,,0.951
Olga de Mar,173,54,86,58,89,2,0,0,681980400000,9,2018,27,,0.294
Shelby Rose,174,55,81,61,81,2,0,0,838278000000,10,2018,22,,0.337
Jordan Emanuel,165,51,81,66,86,1,0,1,777106800000,11,2018,24,,0.980
Vendela Lindblom,168,52,84,64,91,2,0,0,816076800000,0,2019,23,,0.191
Megan Moore,178,63,89,69,99,0,0,0,791539200000,1,2019,24,,0.435
Miki Hamano,170,54,86,64,89,1,0,2,730972800000,2,2019,26,,0.933
Fo Porter,178,58,91,79,114,1,0,0,655455600000,3,2019,28,,0.847
Abigail O'Neill,168,53,81,64,89,2,0,0,863679600000,4,2019,21,,0.281
Yoli Lara,173,55,86,64,89,2,0,3,874220400000,5,2019,21,,0.883
Teela LaRoux,178,59,81,61,86,1,0,0,607075200000,6,2019,30,,0.617
Geena Rocero,161,48,81,61,86,1,1,2,435826800000,7,2019,35,,1.360
Sophie O'Neil,165,49,81,66,89,3,0,0,837414000000,8,2019,23,,0.502
Hilda Dias Pimentel,175,55,81,61,91,1,0,3,700041600000,9,2019,27,,0.990
Gillian Chan,178,59,86,76,109,2,0,1,767862000000,10,2019,25,,1.097
Jordy Murray,174,55,86,64,91,2,0,0,738572400000,11,2019,26,,0.282
Riley Ticotin,175,62,99,74,114,1,0,0,755942400000,0,2020,26,,0.819
Chasity Samone,175,57,86,66,89,1,0,1,671011200000,1,2020,28,,1.004
Anita Pathammavong,180,59,86,71,99,1,0,2,816076800000,2,2020,24,,1.023
Marsha Elle,168,65,94,76,107,1,0,1,679820400000,3,2020,28,First amputee Playmate.,1.140
Savannah Smith,170,61,86,64,89,3,0,0,963903600000,4,2020,19,,0.471
Alicia Olivas,170,76,89,71,112,1,0,0,865321200000,5,2020,22,,0.717
Priscilla Huggins,180,58,91,66,104,1,0,0,751618800000,6,2020,26,First digital only Playmate.,0.586
Ali Chanel,174,104,109,89,117,0,0,0,645606000000,7,2020,30,,1.440
Danielle Alcaraz,173,57,84,61,86,1,0,3,637833600000,8,2020,30,,1.014
Carolina Ballesteros,177,54,81,61,91,1,0,0,626515200000,9,2020,30,,0.600
Khrystyana Kazakova,178,75,94,69,102,0,0,0,485506800000,10,2020,35,,0.884
Tanerelle Stephens,183,60,94,66,94,1,0,1,765874800000,11,2020,26,,1.058